method,MCR_out,MCR_in
LAMfixed,0.2872340425531915,0.29411764705882354
CV,0.3191489361702128,0.30213903743315507
StabSel,0.3404255319148936,0.3422459893048128
