"index","lambda"
0,0.900336610313242
1,0.706548131615755
2,0.55447069081866
3,0.435126402887606
4,0.341469783029216
5,0.267971816805927
6,0.210293555011647
7,0.165029963996043
8,0.129508909652638
9,0.101633408099254
10,0.0797578303266884
11,0.0625907525624689
12,0.0491187171251987
13,0.0385464029948728
14,0.0302496740714118
15,0.0237387333274225
16,0.0186292076622093
17,0.0146194564526666
18,0.0114727642123491
19,0.00900336610313242
