"opt_index","lambda_star","rank_L","sigma"
6,1.08929654411291,1,0.268347414336431
