"r","opt_index","lambda_star","rank_L","sigma1"
3,7,0.854836323661999,3,0.348769656159692
