"r","opt_index","lambda_star","rank_L","sigma1"
2,6,1.08929654411291,2,0.307543791603837
