r,frob_L,frob_theta,se_lambda_star,py_lambda_star,lambda_match,cosine_k1,eigval_rel_err_k1,cosine_k2,eigval_rel_err_k2,cosine_k3,eigval_rel_err_k3,cosine_k4,eigval_rel_err_k4,cosine_k5,eigval_rel_err_k5
1,0.016772674230533247,0.009116173094567068,1.08929654411291,1.08929654411291,True,0.9999900600026471,0.015562183594184762,,,,,,,,
2,0.07482253091223667,0.08987492626732554,1.08929654411291,0.854836323661999,False,0.9991963645277633,0.05429385228251819,0.9994501560121296,0.06577242666159815,,,,,,
3,0.08931755527497943,0.011686822470730088,0.854836323661999,0.854836323661999,True,0.9998709096789508,0.0177241665859457,0.9998323157864715,0.0805139985298205,0.9993169007034335,0.46310713255102465,,,,
4,0.2362918003990839,0.10769890897582965,0.854836323661999,0.670841328012343,False,0.9989270733507022,0.10649735960774473,0.9989822815769189,0.2079864828997406,0.9986861875578901,0.4801607739913335,0.05022941883053261,114281879175421.4,,
5,0.17555469290360937,0.015144258975118792,0.670841328012343,0.670841328012343,True,0.9999296787853846,0.006418146544322926,0.9993866760429886,0.01582063223222985,0.9994265275055578,0.04738962758659372,0.9962575648513952,0.27587574626804584,0.20185314466751678,35120915045783.906
