"r","opt_index","lambda_star","rank_L","sigma1"
4,7,0.854836323661999,4,0.361827401640741
